{
  "results": [
    {
      "command": "ogym-ant",
      "mean": 0.20635270770000003,
      "stddev": 0.0013363562972845652,
      "median": 0.2058362012,
      "user": 0.20136949999999998,
      "system": 0.003955325714285715,
      "min": 0.20517401420000003,
      "max": 0.20995530620000002,
      "times": [
        0.20573976420000004,
        0.20995530620000002,
        0.20586947220000001,
        0.20593372320000003,
        0.20635780620000002,
        0.20670343020000004,
        0.20846684720000003,
        0.20565338920000004,
        0.20580293020000004,
        0.2052864732,
        0.20565984720000002,
        0.20517401420000003,
        0.20687234820000003,
        0.20546255620000003
      ],
      "memory_usage_byte": [
        6750208,
        6750208,
        6750208,
        6750208,
        6750208,
        6750208,
        6750208,
        6750208,
        6750208,
        6750208,
        6766592,
        6766592,
        6766592,
        6766592
      ],
      "exit_codes": [
        0,
        0,
        0,
        0,
        0,
        0,
        0,
        0,
        0,
        0,
        0,
        0,
        0,
        0
      ]
    }
  ]
}
